time,lat,lon
1711972892,-32.770402549766,-65.568676663965
1711972901,-32.375604870939,-65.100633359975
1711972910,-31.978763458111,-64.636955274417
1711972919,-31.579923655691,-64.177558182831
1711972928,-31.17913164789,-63.722360519273
1711972937,-30.776432717129,-63.271281308777
1711972946,-30.371869450131,-62.824238208894
1711972955,-29.965488999188,-62.381155513022
1711972964,-29.557332249457,-61.94195218486
1711972973,-29.147441063767,-61.506549891315
1711972982,-28.735854653276,-61.074869092272
1711972991,-28.322616963419,-60.646836759002
1711973000,-27.907765652606,-60.222374809731
1711973009,-27.491339462985,-59.801407856194
1711973018,-27.073376402534,-59.383861274709
1711973027,-26.653911884714,-58.969659369002
1711973036,-26.232986253706,-58.558732766827
1711973045,-25.810633551017,-58.151007314139
1711973054,-25.386889027069,-57.746411497894
1711973063,-24.96178728669,-57.344874587191
1711973072,-24.535360397008,-56.946324856982
1711973081,-24.107645535317,-56.550696698692
1711973090,-23.678673567842,-56.157919927005
1711973099,-23.248476685435,-55.767926914521
1711973108,-22.817084585262,-55.380649072207
1711973117,-22.384532205882,-54.996023755278
1711973126,-21.950848171843,-54.613983868225
1711973135,-21.516062517721,-54.234464792955
1711973144,-21.080204777388,-53.857402642057
1711973153,-20.643302043454,-53.482732579009
1711973162,-20.205386798921,-53.11039549624
1711973171,-19.766485212718,-52.740327954768
1711973180,-19.326624961647,-52.372468882258
1711973189,-18.885833293416,-52.006757880421
1711973198,-18.444135063679,-51.643133591224
1711973207,-18.001560651582,-51.281540176362
1711973216,-17.558134125431,-50.921917550902
1711973225,-17.113881149786,-50.56420788047
1711973234,-16.66882503424,-50.208352350145
1711973243,-16.222994707588,-49.854297504797
1711973252,-15.776412792529,-49.501985689985
1711973261,-15.329103572357,-49.151361408186
1711973270,-14.881091014902,-48.802369708776
1711973279,-14.432396776756,-48.454954623131
1711973288,-13.983048240897,-48.109065354347
1711973297,-13.53306649277,-47.764646943686
1711973306,-13.08247435155,-47.42164647393
1711973315,-12.631294376578,-47.080011497083
1711973324,-12.179546857221,-46.739688500055
1711973333,-11.727257903654,-46.400628968267
1711973342,-11.274447340164,-46.062780241931
1711973351,-10.82113679064,-45.726091591075
1711973360,-10.367345640622,-45.390511177528
1711973369,-9.913099163605,-45.055992034488
1711973378,-9.4584163589157,-44.722483049859
1711973387,-9.0033180735485,-44.389934955497
1711973396,-8.547824983961,-44.058298808526
1711973405,-8.0919555665956,-43.727524498433
1711973414,-7.6357342602185,-43.39756664177
1711973423,-7.1791792474401,-43.068375694391
1711973432,-6.7223106135739,-42.739903853645
1711973441,-6.2651483183533,-42.412103561769
1711973450,-5.8077101591314,-42.084926028564
1711973459,-5.3500199603168,-41.758327062907
1711973468,-4.8920953123538,-41.432258281488
1711973477,-4.4339557586458,-41.106672945719
1711973486,-3.975620759616,-40.781524481781
1711973495,-3.517107650917,-40.456765013672
1711973504,-3.0584398514416,-40.132351152589
1711973513,-2.5996345729417,-39.808235270583
1711973522,-2.1407110264677,-39.48437129325
1711973531,-1.6816863289362,-39.160711784699
1711973540,-1.2225837196383,-38.837213718137
1711973549,-0.7634202562126,-38.513829779053
1711973558,-0.30421503030944,-38.190514137446
1711973567,0.15501287617339,-37.867220984618
1711973576,0.6142464359871,-37.54390307179
1711973585,1.0734624567758,-37.220517475617
1711973594,1.5326438907532,-36.897016910536
1711973603,1.991771614891,-36.573355493842
1711973612,2.4508264758067,-36.249487284498
1711973621,2.9097913331931,-35.925364817625
1711973630,3.3686428452207,-35.60094488536
1711973639,3.8273637709305,-35.276179827593
1711973648,4.2859347545147,-34.951023310329
1711973657,4.7443384180628,-34.62542740479
1711973666,5.202551157038,-34.299348395376
1711973675,5.6605554274182,-33.972738030809
1711973684,6.1183315395794,-33.645549327945
1711973693,6.5758596994449,-33.317735101184
1711973702,7.0331220434345,-32.989246476316
1711973711,7.490094454564,-32.660038751178
1711973720,7.9467588185586,-32.330062569099
1711973729,8.4030948372823,-31.999269773291
1711973738,8.8590820645579,-31.667611923729
1711973747,9.3147019330617,-31.335038792129
1711973756,9.7699295997371,-31.00150429661
1711973765,10.224746157313,-30.666957565536
1711973774,10.679130476071,-30.33134886377
1711973783,11.133063260126,-29.994626583991
1711973792,11.586518922865,-29.65674325643
1711973801,12.039477752659,-29.317646501422
1711973810,12.491917783859,-28.977285029001
1711973819,12.943816816933,-28.635607119987
1711973828,13.395154424521,-28.292559073157
1711973837,13.845903872975,-27.948091329374
1711973846,14.296044217652,-27.602149254657
1711973855,14.745552218948,-27.254679251966
1711973864,15.1944043502,-26.905627214866
1711973873,15.642578788426,-26.554936940276
1711973882,16.090047391986,-26.202556390877
1711973891,16.536787710067,-25.848428273707
1711973900,16.98277495375,-25.49249628797
1711973909,17.427985977457,-25.134701942107
1711973918,17.872391309184,-24.774990944886
1711973927,18.315967079627,-24.413303594222
1711973936,18.758687044881,-24.049581151863
1711973945,19.200524565476,-23.683764233867
1711973954,19.641454562199,-23.3157911468
1711973963,20.081445622268,-22.945604463565
1711973972,20.520471812436,-22.573141140854
1711973981,20.958504776404,-22.198339076279
1711973990,21.395515693763,-21.821135455994
1711973999,21.831477212012,-21.441465040069
1711974008,22.266355640924,-21.059266951296
1711974017,22.7001226311,-20.674474481554
1711974026,23.132747358269,-20.287021859619
1711974035,23.564200385091,-19.896840799919
1711974044,23.994445935626,-19.503867483356
1711974053,24.423453451908,-19.108032084938
1711974062,24.851189857264,-18.709265731784
1711974071,25.277621471109,-18.307498759657
1711974080,25.702715889385,-17.902658892003
1711974089,26.126434372169,-17.494678489703
1711974098,26.548743228463,-17.083483691276
1711974107,26.969606191209,-16.669001637605
1711974116,27.388986302825,-16.251158670395
1711974125,27.806847761724,-15.829878444077
1711974134,28.223148438948,-15.405089478898
1711974143,28.637851067903,-14.976713868486
1711974152,29.050915746868,-14.544674805844
1711974161,29.462301791671,-14.108894718698
1711974170,29.871969544263,-13.669293308886
1711974179,30.279873035985,-13.225795445743
1711974188,30.685970956895,-12.778319394001
1711974197,31.090219303316,-12.32678467818
1711974206,31.492574988261,-11.871108103829
1711974215,31.892988636056,-11.411211951509
1711974224,32.2914153555,-10.947011786011
1711974233,32.687807517464,-10.478424619976
1711974242,33.082116538902,-10.005366924441
1711974251,33.474294612428,-9.527752525752
1711974260,33.864287684603,-9.0455012128259
1711974269,34.252045957032,-8.5585259782302
1711974278,34.637516845977,-8.0667415936137
1711974287,35.020646722819,-7.5700625456986
1711974296,35.40138259359,-7.0684008485344
1711974305,35.779665285075,-6.5616751076852
1711974314,36.155439641418,-6.0497971426443
1711974323,36.528647689889,-5.5326810179622
1711974332,36.899231984624,-5.0102385540866
1711974341,37.267128978314,-4.482388789434
1711974350,37.632278949964,-3.9490440712389
1711974359,37.994619354964,-3.4101194836335
1711974368,38.354086477524,-2.8655306418592
1711974377,38.710617009056,-2.3151913445039
1711974386,39.06414167873,-1.759023573238
1711974395,39.41459481111,-1.1969428736337
1711974404,39.761907933523,-0.62886831962926
1711974413,40.106011374479,-0.054720224638372
1711974422,40.446835779879,0.52558229930871
1711974431,40.7843060355,1.1121107614505
1711974440,41.118350413723,1.7049426715149
1711974449,41.448894471324,2.3041509967237
1711974458,41.775864043962,2.9098092605862
1711974467,42.09917942833,3.5219804713299
1711974476,42.418764168623,4.1407331443419
1711974485,42.734539212778,4.766130270134
1711974494,43.046424404954,5.3982317670863
1711974503,43.354339879464,6.037097103418
1711974512,43.658200602853,6.6827735854649
1711974521,43.95792466776,7.3353132269236
1711974530,44.253427807469,7.9947610816752
1711974539,44.544624824458,8.6611578032783
1711974548,44.831430910344,9.3345423827817
1711974557,45.113756589549,10.014939782269
1711974566,45.39151547025,10.702378696612
1711974575,45.664619158448,11.396879239835
1711974584,45.932979807004,12.098458784364
1711974593,46.196505411576,12.807119074341
1711974602,46.455107088215,13.522864732344
1711974611,46.708694337691,14.245690435088
1711974620,46.95717634621,14.975583724726
1711974629,47.200463157364,15.712528012982
1711974638,47.438469873133,16.456517200069
1711974647,47.671081156589,17.207434501415
1711974656,47.898231233397,17.965320306451
1711974665,48.119820848068,18.730093891231
1711974674,48.335760472162,19.501697265704
1711974683,48.545958171975,20.280052968943
1711974692,48.750325536222,21.065084534741
1711974701,48.948773929111,21.856702513016
1711974710,49.141216459815,22.65481129614
1711974719,49.327564717154,23.459294652542
1711974728,49.507734084809,24.270036994449
1711974737,49.681640429303,25.086909023687
1711974746,49.849201133173,25.909771204302
1711974755,50.010335962689,26.73847743195
1711974764,50.164964378964,27.572860176014
1711974773,50.31301002546,28.412752731603
1711974782,50.454397983129,29.25797448815
1711974791,50.589055670663,30.108334722533
1711974800,50.716913565396,30.963636575818
1711974809,50.837903110421,31.823661921632
1711974818,50.951960305061,32.68819453587
1711974827,51.059023545225,33.557005094347
1711974836,51.159034363565,34.42985529929
1711974845,51.251937977276,35.306502163312
1711974854,51.337681801337,36.186682716048
1711974863,51.41621807693,37.070137960234
1711974872,51.487502307006,37.956597692829
1711974881,51.551494077982,38.845788915866
1711974890,51.608156059956,39.737420480064
1711974899,51.657455825651,40.631207526564
1711974908,51.699364765458,41.526856218894
1711974917,51.733858471097,42.424068361359
1711974926,51.760916909853,43.322546091966
1711974935,51.780524032069,44.221976505791
1711974944,51.792668542893,45.122056468477
1711974953,51.797343418464,46.022477280075
1711974962,51.794546064105,46.922929423746
1711974971,51.784278259445,47.823107328382
1711974980,51.766546370198,48.7226940133
1711974989,51.741361054573,49.621385971044
1711974998,51.708737382563,50.518877796132
1711975007,51.668694567677,51.414870927187
1711975016,51.621256660361,52.309058331029
1711975025,51.566451406113,53.201149215778
1711975034,51.50431084929,54.090853655758
1711975043,51.434871080586,54.977887227755
1711975052,51.358171777564,55.861975552871
1711975061,51.274257498502,56.742839064092
1711975070,51.183175505725,57.62021724847
1711975079,51.084976977456,58.493853313081
1711975088,50.979716546221,59.363498593417
1711975097,50.867451639836,60.228916820453
1711975106,50.748244372726,61.089869030447
1711975115,50.62215838183,61.946137101642
1711975124,50.489260646304,62.797508538895
1711975133,50.349620201938,63.64378435981
1711975142,50.203310505615,64.484764178331
1711975151,50.050405524925,65.320269056055
1711975160,49.89098203988,66.150126455773
1711975169,49.725118867976,66.974174106001
1711975178,49.552895914943,67.792263675777
1711975187,49.374397118691,68.604246166922
1711975196,49.189705667031,69.409993816857
1711975205,48.998906889236,70.209385368525
1711975214,48.802087343183,71.00230963574
1711975223,48.599333742123,71.78866886954
1711975232,48.390736456876,72.568364565571
1711975241,48.17638393132,73.341318371291
1711975250,47.95636614074,74.107457787747
1711975259,47.730772541641,74.866722851349
1711975268,47.499695999575,75.619052343493
1711975277,47.263226611929,76.364403896222
1711975286,47.021455597173,77.102740111692
1711975295,46.774474184181,77.834031687974
1711975304,46.522372365085,78.55826034801
1711975313,46.265243323042,79.275405621212
1711975322,46.003176572446,79.985463963707
1711975331,45.736262352897,80.688435467854
1711975340,45.464590427795,81.384326804996
1711975349,45.188248758553,82.073153977892
1711975358,44.907328392323,82.754929724999
1711975367,44.62191598027,83.429681687966
1711975376,44.332098634669,84.097439758153
1711975385,44.037961321036,84.75824180963
1711975394,43.739592083418,85.412121618906
1711975403,43.437074105781,86.059126299241
1711975412,43.130490908694,86.699304170955
1711975421,42.819925004497,87.332707455441
1711975430,42.505456447704,87.959394794006
1711975439,42.187168444504,88.579419812437
1711975448,41.865138890369,89.192847678621
1711975457,41.539445952687,89.799743624647
1711975466,41.210166653714,90.400175530132
1711975475,40.877375358553,90.99421633961
1711975484,40.541149728203,91.581933254177
1711975493,40.201561782435,92.163403458881
1711975502,39.858683827525,92.738703276028
1711975511,39.512586971235,93.307910647924
1711975520,39.163339551918,93.871107463265
1711975529,38.811013397202,94.428369344365
1711975538,38.455674457665,94.979780592466
1711975547,38.097389041695,95.525423938982
1711975556,37.736220645707,96.065385334592
1711975565,37.372236432242,96.599744184499
1711975574,37.005497550793,97.128587703672
1711975583,36.636065593317,97.652001117312
1711975592,36.264000997224,98.170069975416
1711975601,35.889361377221,98.68288232889
1711975610,35.512208249213,99.190519485588
1711975619,35.13259699554,99.693069673243
1711975628,34.750583567881,100.19061876188
1711975637,34.366222833966,100.68325248931
1711975646,33.979566860454,101.17105855828
1711975655,33.59067185412,101.6541178683
1711975664,33.199587808072,102.13251753703
1711975673,32.806365423573,102.60634209967
1711975682,32.411052633091,103.07567773642
1711975691,32.013701696894,103.54060385277
1711975700,31.614358618391,104.00120562426
1711975709,31.213070222684,104.4575655454
1711975718,30.809882413075,104.90976550248
1711975727,30.404838375437,105.35788873628
1711975736,29.99798584845,105.80201181916
1711975745,29.589366278399,106.24221664921
1711975754,29.179022073019,106.67858239757
1711975763,28.766994814026,107.11118750175
1711975772,28.353323423291,107.54011155873
1711975781,27.938051586113,107.96542765799
1711975790,27.52121667425,108.38721387421
1711975799,27.102857154406,108.80554557237
1711975808,26.683008880961,109.22049917377
1711975817,26.261712628356,109.63214474617
1711975826,25.839002847749,110.04055712982
1711975835,25.414915185865,110.44580850117
1711975844,24.98948462906,110.84797023524
1711975853,24.562743610172,111.24711468467
1711975862,24.134729662243,111.64330805871
1711975871,23.705473989155,112.03662113259
1711975880,23.275009107306,112.42712210224
1711975889,22.843366957228,112.81487838152
1711975898,22.410576982488,113.19995832486
1711975907,21.97667388956,113.58242436171
1711975916,21.541686054934,113.96234333355
1711975925,21.105643274347,114.33977960623
1711975934,20.668572889582,114.71479847886
1711975943,20.230507623279,115.08745949988
1711975952,19.791473870183,115.45782653701
1711975961,19.351499522395,115.82596107307
1711975970,18.910612031817,116.19192390041
1711975979,18.468836447089,116.55577675597
1711975988,18.026203330628,116.91757583805
1711975997,17.582736922405,117.27738157896
1711976006,17.138463048685,117.63525214396
1711976015,16.693407161886,117.99124507692
1711976024,16.247592358529,118.34541889427
1711976033,15.801047366714,118.69782677512
1711976042,15.353794600408,119.04852607561
1711976051,14.905858139817,119.39757200333
1711976060,14.457259744954,119.74502076985
1711976069,14.008026891585,120.09092340063
1711976078,13.558180750015,120.43533506974
1711976087,13.10774421484,120.77830889593
1711976096,12.656739911874,121.11989751535
1711976105,12.205188189046,121.46015461568
1711976114,11.753115203689,121.79912887395
1711976123,11.300540821187,122.13687309866
1711976132,10.847486697152,122.473438156
1711976141,10.393974270021,122.80887450999
1711976150,9.9400227406334,123.14323373105
1711976159,9.4856572011427,123.47656253821
1711976168,9.0308964685284,123.80891178325
1711976177,8.5757612094192,124.14033048345
1711976186,8.1202719210159,124.47086733491
1711976195,7.6644469018392,124.80057220079
1711976204,7.2083104130322,125.12949023572
1711976213,6.7518804610131,125.45767074492
1711976222,6.2951769556678,125.78516130134
1711976231,5.8382176388181,126.11201069722
1711976240,5.3810262650409,126.43826311858
1711976249,4.9236203535214,126.76396692777
1711976258,4.4660193665272,127.08916883234
1711976267,4.0082426755924,127.41391536358
1711976276,3.5503075223684,127.73825434166
1711976285,3.0922372162253,128.06222909377
1711976294,2.6340488593884,128.38588716926
1711976303,2.1757615431299,128.70927455433
1711976312,1.7173943090654,129.03243713877
1711976321,1.2589641077906,129.3554221754
1711976330,0.80049400455864,129.67827252136
1711976339,0.34200089116602,130.00103531684
1711976348,-0.11649630887122,130.32375622496
1711976357,-0.5749807310538,130.64648233462
1711976366,-1.0334293636506,130.96925640564
1711976375,-1.4918253373044,131.29212554044
1711976384,-1.9501497185641,131.61513542941
1711976393,-2.4083835515001,131.9383318094
1711976402,-2.8665098973883,132.26176192603
1711976411,-3.3245056352259,132.58546876516
1711976420,-3.7823537416841,132.90949974355
1711976429,-4.2400350903556,133.2339009426
1711976438,-4.6975304920371,133.55871856961
1711976447,-5.1548227301596,133.88400042883
1711976456,-5.6118883764652,134.20979011892
1711976465,-6.068710048314,134.53613577327
1711976474,-6.5252682222852,134.86308426179
1711976483,-6.9815453094893,135.19068412593
1711976492,-7.4375174894434,135.51897973383
1711976501,-7.8931669398427,135.84802008293
1711976510,-8.3484736676387,136.1778529612
1711976519,-8.8034175405903,136.5085264261
1711976528,-9.2579803095083,136.84009030491
1711976537,-9.7121374727478,137.17259027804
1711976546,-10.165870459485,137.5060767879
1711976555,-10.619158490455,137.84059913044
1711976564,-11.071980601479,138.17620695127
1711976573,-11.524317654923,138.51295176977
1711976582,-11.97614424381,138.85088096854
1711976591,-12.427440814732,139.19004684129
1711976600,-12.878185567216,139.53050059268
1711976609,-13.328358477917,139.87229538802
1711976618,-13.777933243184,140.21548025154
1711976627,-14.226889343292,140.56010924939
1711976636,-14.675203979445,140.90623540001
1711976645,-15.122854076674,141.25391221465
1711976654,-15.569818269346,141.60319527805
1711976663,-16.016068900708,141.95413601117
1711976672,-16.461584000116,142.30679105457
1711976681,-16.906339275925,142.66121604546
1711976690,-17.350310103305,143.01746719049
1711976699,-17.793473491456,143.37560288586
1711976708,-18.2358001506,143.7356773196
1711976717,-18.677266366201,144.09775009148
1711976726,-19.117846058159,144.46187983186
1711976735,-19.557514714163,144.82812745429
1711976744,-19.996241518713,145.19654961051
1711976753,-20.43400113266,145.56720852667
1711976762,-20.870765813457,145.94016547666
1711976771,-21.30650736876,146.31548242687
1711976780,-21.741199083075,146.69322374195
1711976789,-22.174807935148,147.07344943067
1711976798,-22.607306242768,147.45622528778
1711976807,-23.038663870107,147.84161616053
1711976816,-23.468850158112,148.22968764096
1711976825,-23.897835824019,148.62050782761
1711976834,-24.325585280155,149.01414033236
1711976843,-24.752068124431,149.41065476918
1711976852,-25.177251447749,149.81011978391
1711976861,-25.60110173795,150.21260479963
1711976870,-26.023586748644,150.61818184007
1711976879,-26.44466793374,151.02691826558
1711976888,-26.864311762396,151.43888765175
1711976897,-27.282482140717,151.85416255049
1711976906,-27.699144145059,152.27281817296
1711976915,-28.114256560454,152.6949248843
1711976924,-28.527783038558,153.1205594264
1711976933,-28.939684622048,153.54979743943
1711976942,-29.349921592304,153.98271531578
1711976951,-29.758455273334,154.41939214849
1711976960,-30.165240715639,154.85990189161
1711976969,-30.570237635486,155.30432505509
1711976978,-30.973403083181,155.75274089378
1711976987,-31.374693254391,156.20522932845
1711976996,-31.7740652523,156.66187297067
1711977005,-32.171469936064,157.12274891
1711977014,-32.566862614347,157.58794092905
1711977023,-32.96019587658,158.05753132093
1711977032,-33.351423108272,158.53160501076
1711977041,-33.740491486456,159.0102410145
1711977050,-34.127352455487,159.49352510572
1711977059,-34.511954703984,159.98154130602
1711977068,-34.89424590114,160.47437393658
1711977077,-35.274174372842,160.97210979155
1711977086,-35.651682302154,161.47482914807
1711977095,-36.026715904281,161.98261904242
1711977104,-36.399218606916,162.49556431292
1711977113,-36.769132739532,163.01374972858
1711977122,-37.136401155598,163.53726224975
1711977131,-37.500960664448,164.06618154504
1711977140,-37.862751870939,164.6005939273
1711977149,-38.221712585576,165.14058290465
1711977158,-38.577781048262,165.68623384125
1711977167,-38.930889566371,166.23762404798
1711977176,-39.280974059345,166.79483728245
1711977185,-39.627967673776,167.35795387475
1711977194,-39.971802378796,167.92705300276
1711977203,-40.312410480454,168.50221511728
1711977212,-40.649718546715,169.08351146202
1711977221,-40.983656547125,169.67101932301
1711977230,-41.314151753309,170.26481158552
1711977239,-41.641130277263,170.86495909667
1711977248,-41.96451852003,171.47153318759
1711977257,-42.284237419176,172.08459458551
1711977266,-42.600211140432,172.70420946093
1711977275,-42.912361299152,173.33043837959
1711977284,-43.220609807194,173.96334160453
1711977293,-43.524873406107,174.60296750119
1711977302,-43.825071967075,175.24936925657
1711977311,-44.121122996789,175.90259332825
1711977320,-44.412943064072,176.56268198726
1711977329,-44.700449119651,177.22967603699
1711977338,-44.983553423284,177.90360257093
1711977347,-45.262171309556,178.58449257244
1711977356,-45.536216085658,179.27236872407
1711977365,-45.805600390108,179.96724807503
1711977374,-46.070237433913,-179.3308555185
1711977383,-46.330036363909,-178.62194263352
1711977392,-46.584909441142,-177.90601222598
1711977401,-46.83476737233,-177.18307280788
1711977410,-47.079521676941,-176.45313675862
1711977419,-47.319080429831,-175.71623370542
1711977428,-47.553354928681,-174.97239123603
1711977437,-47.782255401811,-174.2216482038
1711977446,-48.005692226979,-173.46405175493
1711977455,-48.223577011474,-172.6996541598
1711977464,-48.435818844762,-171.92852676216
1711977473,-48.642330272283,-171.15073971101
1711977482,-48.843023508127,-170.36637581639
1711977491,-49.037811560244,-169.57552734513
1711977500,-49.226609204011,-168.77829261859
1711977509,-49.409329780125,-167.9747904485
1711977518,-49.585890409864,-167.16513887796
1711977527,-49.756208745868,-166.34946950568
1711977536,-49.92020398625,-165.52792400224
1711977545,-50.077797723514,-164.70065043258
1711977554,-50.228911315581,-163.86781807328
1711977563,-50.373470274713,-163.02959518479
1711977572,-50.511401582246,-162.18616370396
1711977581,-50.642635140416,-161.33771164022
1711977590,-50.767101615902,-160.48444811462
1711977599,-50.884736118652,-159.62658040526
1711977608,-50.995475980747,-158.7643288593
1711977617,-51.099261510451,-157.89792283121
1711977626,-51.196036557233,-157.02759646159
1711977635,-51.285746955733,-156.1536038937
1711977644,-51.368343259119,-155.2761955231
1711977653,-51.443779107666,-154.39563309928
1711977662,-51.512011800372,-153.51218536029
1711977671,-51.573002666528,-152.62612354632
1711977680,-51.62671611379,-151.73773670095
1711977689,-51.673121361122,-150.84730731644
1711977698,-51.712191402313,-149.9551265513
1711977707,-51.743903496123,-149.06148563466
1711977716,-51.768238696944,-148.16669118702
1711977725,-51.785182758706,-147.27104056408
1711977734,-51.79472557606,-146.37483713072
1711977743,-51.796861371602,-145.47838555703
1711977752,-51.791588672303,-144.58198709194
1711977761,-51.778910440928,-143.68595486886
1711977770,-51.758833926026,-142.79058913812
1711977779,-51.731370702007,-141.89619258023
1711977788,-51.696536628659,-141.00306559013
1711977797,-51.654351600562,-140.11150160052
1711977806,-51.604840276843,-139.22180233939
1711977815,-51.548030880605,-138.33425325736
1711977824,-51.483955840582,-137.44913884565
1711977833,-51.412651193709,-136.56673410319
1711977842,-51.334157792186,-135.68731972838
1711977851,-51.248519281104,-134.81115790762
1711977860,-51.155783223183,-133.93850760121
1711977869,-51.056000670125,-133.06962012356
1711977878,-50.949225536627,-132.20473485655
1711977887,-50.83551640151,-131.34409430768
1711977896,-50.714933498422,-130.48792056255
1711977905,-50.587540444433,-129.63643046323
1711977914,-50.453403624656,-128.78983146872
1711977923,-50.312591391181,-127.94831768281
1711977932,-50.165176451771,-127.11208469841
1711977941,-50.011231931831,-126.28130688575
1711977950,-49.850833701334,-125.45615236395
1711977959,-49.684058838903,-124.63677551707
1711977968,-49.510988481482,-123.82333159635
1711977977,-49.331703190716,-123.01595475395
1711977986,-49.146285748983,-122.2147727671
1711977995,-48.954820272387,-121.41990344
1711978004,-48.75739116223,-120.63145120142
1711978013,-48.554086512618,-119.84952131007
1711978022,-48.344992668832,-119.07419886707
1711978031,-48.130197589952,-118.3055631282
1711978040,-47.909789842594,-117.54368417024
1711978049,-47.683857446515,-116.78861975524
1711978058,-47.452491812173,-116.04042904272
1711978067,-47.21578155822,-115.29915259248
1711978076,-46.973816410655,-114.56482616499
1711978085,-46.726684977837,-113.8374743733
1711978094,-46.474479087147,-113.11712394478
1711978103,-46.21728705589,-112.40378450557
1711978112,-45.955197993413,-111.69746191638
1711978121,-45.688300619113,-110.99815530722
1711978130,-45.416681954651,-110.30585430167
1711978139,-45.140432124371,-109.62055166869
1711978148,-44.859636997103,-108.94222505664
1711978157,-44.574382955494,-108.27084970457
1711978166,-44.284755630399,-107.60639562916
1711978175,-43.990838520865,-106.94882499378
1711978184,-43.69271821702,-106.29810412394
1711978193,-43.390476468911,-105.65418615258
1711978202,-43.084195380749,-105.01702308461
1711978211,-42.773956068237,-104.38656311063
1711978220,-42.459837211696,-103.7627480941
1711978229,-42.141920660189,-103.14552494931
1711978238,-41.820282979373,-102.53482915453
1711978247,-41.495001028725,-101.9305961722
1711978256,-41.166149068701,-101.33275621452
1711978265,-40.833804640988,-100.74124512341
1711978274,-40.498039734535,-100.15598854522
1711978283,-40.158926640161,-99.576912849605
1711978292,-39.816536480947,-99.003942634226
1711978301,-39.470937655309,-98.436998386216
1711978310,-39.122202028564,-97.876006766616
1711978319,-38.770395662433,-97.320885569312
1711978328,-38.415584982475,-96.771554041751
1711978337,-38.057835243788,-96.227930485162
1711978346,-37.697208917818,-95.689930001847
1711978355,-37.333772160589,-95.157474222057
1711978364,-36.967585147891,-94.630476998477
1711978373,-36.5987085209,-94.108854167794
1711978382,-36.227200124763,-93.592518946081
1711978391,-35.85312167545,-93.081391240281
1711978400,-35.476528807762,-92.575383895336
1711978409,-35.097477720825,-92.074412039376
1711978418,-34.716023537857,-91.578390846781
1711978427,-34.332218600665,-91.087233430358
1711978436,-33.946119359151,-90.600859673442
1711978445,-33.557776093135,-90.11918312258
1711978454,-33.167239782134,-89.642119852146
1711978463,-32.7745604123,-89.169586313713
1711978472,-32.379785224853,-88.7014973045
1711978481,-31.982965802675,-88.237774364158
1711978490,-31.584147499655,-87.778333262712
1711978499,-31.183376509198,-87.323092428522
1711978508,-30.78069631841,-86.871968872992
1711978517,-30.376154935848,-86.424886269886
1711978526,-29.969794109306,-85.98176288357
1711978535,-29.561656536771,-85.542519678257
1711978544,-29.151784089303,-85.107078313751
1711978553,-28.740215986183,-84.67535924247
1711978562,-28.326996180538,-84.247289428567
1711978571,-27.912162338521,-83.822790782507
1711978580,-27.49575320976,-83.401787908318
1711978589,-27.077806809521,-82.984206174521
1711978598,-26.658358558443,-82.569969876812
1711978607,-26.237448807485,-82.159009635341
1711978616,-25.81511160497,-81.751251287952
1711978625,-25.391382207886,-81.346623313625
1711978634,-24.966293324176,-80.945053185072
1711978643,-24.539882737065,-80.546474534404
1711978652,-24.112181919946,-80.150816380137
1711978661,-23.683223648255,-79.758010317338
1711978670,-23.253040118555,-79.367988710766
1711978679,-22.821661033613,-78.980682963482
1711978688,-22.389121337259,-78.596030423248
1711978697,-21.955449659324,-78.213963986795
1711978706,-21.520676039456,-77.834419028489
1711978715,-21.084830016444,-77.45733165348
1711978724,-20.647938687714,-77.082637017796
1711978733,-20.21003454079,-76.710276006858
1711978742,-19.771143749122,-76.340185174458
1711978751,-19.331293993848,-75.972303441273
1711978760,-18.890510554374,-75.606568771903
1711978769,-18.448824207929,-75.24292469222
1711978778,-18.006259420015,-74.881310466779
1711978787,-17.562842235261,-74.521667634336
1711978796,-17.118598321887,-74.163938354198
1711978805,-16.673550993053,-73.808063805191
1711978814,-16.227729180881,-73.453990526329
1711978823,-15.781155511394,-73.101660857208
1711978832,-15.333854271046,-72.751019294584
1711978841,-14.88584943071,-72.402010882269
1711978850,-14.43716264994,-72.054579646155
1711978859,-13.987821314459,-71.708674784225
1711978868,-13.537846512447,-71.364241332571
1711978877,-13.087261065672,-71.021226369042
1711978886,-12.636087535955,-70.679577440868
1711978895,-12.184346215067,-70.33924103028
1711978904,-11.7320632154,-70.000168618369
1711978913,-11.27925836344,-69.662307540998
1711978922,-10.82595328514,-69.325607064066
1711978931,-10.372167368036,-68.990015345389
1711978940,-9.9179258874437,-68.655485414466
1711978949,-9.4632478444877,-68.321966155515
1711978958,-9.0081540878414,-67.989408296918
1711978967,-8.5526652955475,-67.65776289249
1711978976,-8.0967999455606,-67.326979828533
1711978985,-7.64058247801,-66.997013718705
1711978994,-7.1840310768364,-66.667815015993
1711979003,-6.7271658285767,-66.339335915098
1711979012,-6.2700066940988,-66.011528855765
1711979021,-5.8125714718158,-65.684345045442
1711979030,-5.3548839870723,-65.357740290901
1711979039,-4.8969618312032,-65.031666206801
1711979048,-4.4388245484023,-64.706076052715
1711979057,-3.9804895504856,-64.380921800514
1711979066,-3.5219803216928,-64.056159930585
1711979075,-3.063314133489,-63.731742694891
1711979084,-2.6045102474144,-63.407623916916
1711979093,-2.1455878749007,-63.083757521231
1711979102,-1.686564133165,-62.760096071077
1711979111,-1.2274622617114,-62.436596538974
1711979120,-0.76829931831993,-62.113211609862
1711979129,-0.30909439469919,-61.78989545336
1711979138,0.15013342727438,-61.466602260557
1711979147,0.60936712045383,-61.14328478262
1711979156,1.0685834926623,-60.819900096307
1711979165,1.5277654963776,-60.496400916318
1711979174,1.9868940089106,-60.172741360382
1711979183,2.4459519292507,-59.848874039729
1711979192,2.9049159617447,-59.524755835212
1711979201,3.3637689209851,-59.200339194886
1711979210,3.8224915147324,-58.875577908051
1711979219,4.2810643879199,-58.550425641949
1711979228,4.7394701634731,-58.224834469218
1711979237,5.1976852377436,-57.898760675772
1711979246,5.6556920677079,-57.57215601208
1711979255,6.1134709648157,-57.24497349688
1711979264,6.5710021361492,-56.917165946609
1711979273,7.0282677193831,-56.588684489298
1711979282,7.4852435988349,-56.25948442509
1711979291,7.9419116616562,-55.929516399876
1711979300,8.3982516112159,-55.598732259554
1711979309,8.854245040557,-55.267082082363
1711979318,9.3098672711614,-54.934520096852
1711979327,9.7650995746011,-54.600995770461
1711979336,10.219921007854,-54.26645971952
1711979345,10.674310443158,-53.930862212396
1711979354,11.128248586706,-53.59415164548
1711979363,11.58170985398,-53.256280552723
1711979372,12.034674535622,-52.917196558493
1711979381,12.487120668325,-52.576848376968
1711979390,12.939026054998,-52.235184293271
1711979399,13.390370270861,-51.892150610704
1711979408,13.841126584855,-51.547697774623
1711979417,14.29127405512,-51.201771155886
1711979426,14.740789444915,-50.854317162387
1711979435,15.189651235612,-50.505280128847
1711979444,15.637831592162,-50.154608549293
1711979453,16.085308391232,-49.802245699859
1711979462,16.532057180298,-49.448135857127
1711979471,16.978053173866,-49.092222725998
1711979480,17.423273229949,-48.734447820836
1711979489,17.867687880131,-48.37475685621
1711979498,18.311273258941,-48.013090136243
1711979507,18.754003126393,-47.649388928943
1711979516,19.195850847065,-47.283593856759
1711979525,19.636791345969,-46.915643232874
1711979534,20.076793214544,-46.545479636637
1711979543,20.515830524034,-46.173040031609
1711979552,20.953874922724,-45.798262322285
1711979561,21.390897594934,-45.421083701804
1711979570,21.826871193084,-45.041438937452
1711979579,22.261762031854,-44.659267158986
1711979588,22.695541767059,-44.274501665682
1711979597,23.128179579743,-43.887076693674
1711979606,23.559646038091,-43.496923964958
1711979615,23.989905371663,-43.103979667687
1711979624,24.418927028332,-42.708173984549
1711979633,24.846677937363,-42.309438050256
1711979642,25.273124424275,-41.907702208201
1711979651,25.698234091342,-41.50289418962
1711979660,26.12196820494,-41.094946362765
1711979669,26.544293080741,-40.683784873929
1711979678,26.965172458461,-40.26933687161
1711979687,27.384569387464,-39.851528705087
1711979696,27.802448073366,-39.430284036457
1711979705,28.218766394352,-39.005531393079
1711979714,28.633487091383,-38.57719287606
1711979723,29.046570270392,-38.145191685609
1711979732,29.457977090359,-37.709448300105
1711979741,29.867662395403,-37.26988829763
1711979750,30.275585730832,-36.826430684656
1711979759,30.681703959858,-36.378995688936
1711979768,31.08597308737,-35.927502841171
1711979777,31.488350035226,-35.471868953006
1711979786,31.888785436489,-35.01201631018
1711979795,32.287234409163,-34.547860482876
1711979804,32.683649333406,-34.079318488534
1711979813,33.077981635639,-33.60630680255
1711979822,33.470183518217,-33.12873925535
1711979831,33.860200937303,-32.646535638763
1711979840,34.24798410458,-32.159608948327
1711979849,34.633480446451,-31.667873957814
1711979858,35.016638052125,-31.171242924216
1711979867,35.397398815613,-30.669634556026
1711979876,35.775708696647,-30.162960764748
1711979885,36.151510842689,-29.651135600323
1711979894,36.524747291871,-29.13407312542
1711979903,36.895360609441,-28.611685157873
1711979912,37.263287258922,-28.083890731695
1711979921,37.628467530637,-27.550602189318
1711979930,37.990838891247,-27.011734608623
1711979939,38.350337636309,-26.467203597327
1711979948,38.706900468781,-25.916922945398
1711979957,39.060458128986,-25.360814623664
1711979966,39.410944953091,-24.798794166109
1711979975,39.758292479891,-24.230780633218
1711979984,40.102432580481,-23.656691743201
1711979993,40.443291318901,-23.076454331617
1711980002,40.780798185372,-22.489989129681
1711980011,41.114879932541,-21.897221187232
1711980020,41.44546212831,-21.298077514215
1711980029,41.772470619491,-20.692484562436
1711980038,42.095825713229,-20.080379295861
1711980047,42.415450964474,-19.461693169838
1711980056,42.731267331499,-18.836363161876
1711980065,43.043194668514,-18.204329319104
1711980074,43.351153119751,-17.565532136528
1711980083,43.655057660729,-16.919924267432
1711980092,43.954826393227,-16.267453655907
1711980101,44.250375059026,-15.608075202717
1711980110,44.541619760811,-14.94174521176
1711980119,44.82847182123,-14.268433624008
1711980128,45.110845647761,-13.588106439628
1711980137,45.388653562781,-12.900737901095
1711980146,45.661807177787,-12.206307834045
1711980155,45.930218650604,-11.504798802907
1711980164,46.193795980365,-10.796208996327
1711980173,46.452450286399,-10.08053372235
1711980182,46.706091071609,-9.3577782314714
1711980191,46.954627523344,-8.6279549056845
1711980200,47.197969685548,-7.8910802547027
1711980209,47.436024232505,-7.1471884249522
1711980218,47.668701104,-6.396311729411
1711980227,47.895909243712,-5.6384940784581
1711980236,48.117557817726,-4.8737879769028
1711980245,48.333557291919,-4.1022513225678
1711980254,48.543815724722,-3.323961480968
1711980263,48.748244696368,-2.5389948216712
1711980272,48.94675556085,-1.7474406959379
1711980281,49.139261415898,-0.94939461120794
1711980290,49.32567383649,-0.14497269664302
1711980299,49.505908191732,0.66570956264809
1711980308,49.679880331674,1.4825229722243
1711980317,49.847507620748,2.3053281003137
1711980326,50.008709805763,3.133978946617
1711980335,50.163406325805,3.9683080850318
1711980344,50.311520801534,4.808148913779
1711980353,50.452978289135,5.6533209245968
1711980362,50.587706180871,6.5036334951958
1711980371,50.715634926324,7.3588898653657
1711980380,50.836695938267,8.2188720057385
1711980389,50.950825185066,9.0833637858179
1711980398,51.057961029819,9.9521359720241
1711980407,51.158045402439,10.824954263996
1711980416,51.251022190021,11.701564025688
1711980425,51.336840064481,12.581714096774
1711980434,51.415450797372,13.465141642814
1711980443,51.486809852051,14.351576528895
1711980452,51.55087677456,15.240745819409
1711980461,51.607614192596,16.13235842169
1711980470,51.656989636579,17.02612952684
1711980479,51.698974453457,17.921765341809
1711980488,51.733544190824,18.818967707432
1711980497,51.760678771616,19.717438791115
1711980506,51.780362100367,20.616865710118
1711980515,51.79258283713,21.516945344741
1711980524,51.797333912427,22.4173690022
1711980533,51.794612657052,23.317831190234
1711980542,51.784420891997,24.218014254846
1711980551,51.766764850341,25.117613274668
1711980560,51.741655174494,26.016320694291
1711980569,51.709106889923,26.913831077888
1711980578,51.669139166551,27.809845826663
1711980587,51.621776010963,28.704057862746
1711980596,51.567045126646,29.596176343136
1711980605,51.504978516573,30.485911284501
1711980614,51.435612231116,31.372978199845
1711980623,51.358985909005,32.257102640865
1711980632,51.275144069968,33.138004965238
1711980641,51.184133940101,34.015424580156
1711980650,51.086006662488,34.889104608068
1711980659,50.980816350073,35.758800174201
1711980668,50.868621856689,36.624263281516
1711980677,50.749483807827,37.485266505618
1711980686,50.623466297822,38.341587747657
1711980695,50.490636278647,39.19301441133
1711980704,50.351062760914,40.039347411368
1711980713,50.204819177154,40.880386256535
1711980722,50.051979473234,41.715951902901
1711980731,49.892620408875,42.545871706795
1711980740,49.726820783007,43.369983289979
1711980749,49.554660484791,44.188138215117
1711980758,49.376223436421,45.000187377247
1711980767,49.191592812507,45.806002908684
1711980776,49.000853930476,46.605463448088
1711980785,48.804092445046,47.398461236788
1711980794,48.6013977398,48.18488783393
1711980803,48.392857499124,48.964655226407
1711980812,48.178561054382,49.737681434637
1711980821,47.958598376584,50.503893865055
1711980830,47.733058919562,51.263232462369
1711980839,47.502035546779,52.015635918017
1711980848,47.265618355511,52.761061777921
1711980857,47.023898565058,53.499472560784
1711980866,46.776967406258,54.230838884294
1711980875,46.524914874487,54.955142394493
1711980884,46.267834156501,55.672362546075
1711980893,46.005814771896,56.382495724702
1711980902,45.738946966143,57.085541955182
1711980911,45.467320509334,57.781507844566
1711980920,45.191023370543,58.470409334905
1711980929,44.910146604695,59.152259106163
1711980938,44.624776871983,59.827084745697
1711980947,44.33500129411,60.494916093379
1711980956,44.040904846745,61.155790975204
1711980965,43.742575584038,61.809743121647
1711980974,43.440096701057,62.45681960388
1711980983,43.133551729687,63.097068702671
1711980992,42.823023193939,63.730542602658
1711981001,42.508591160468,64.357299911415
1711981010,42.190338847391,64.977394222668
1711981019,41.868344162828,65.59089067571
1711981028,41.542685286846,66.197854476145
1711981037,41.213439254538,66.798353479441
1711981046,40.880680444118,67.3924606085
1711981055,40.544486529354,67.980243044045
1711981064,40.204929543294,68.561777953674
1711981073,39.862081805385,69.137141643885
1711981082,39.516012882434,69.706414574355
1711981091,39.166795788505,70.269671027834
1711981100,38.814497701712,70.826994209539
1711981109,38.45918613999,71.378465880669
1711981118,38.10092742476,71.924168765123
1711981127,37.739785065492,72.464188807726
1711981136,37.37582623734,72.998605408355
1711981145,37.009112102638,73.527505778661
1711981154,36.639704265947,74.050975141416
1711981163,36.267663177137,74.569099045263
1711981172,35.893046463327,75.081965541005
1711981181,35.515915652368,75.589655936587
1711981190,35.136326138692,76.092258461436
1711981199,34.754333885789,76.589858987832
1711981208,34.369992049713,77.082545448186
1711981217,33.983357878565,77.570398974317
1711981226,33.594482420284,78.05350704442
1711981235,33.203417402429,78.531954589654
1711981244,32.81021353712,79.005826150619
1711981253,32.414918767562,79.475207913608
1711981262,32.017585364314,79.940179290012
1711981271,31.618259341115,80.400825462292
1711981280,31.21698753311,80.85722893201
1711981289,30.813815853434,81.309471592837
1711981298,30.408787497659,81.757636693382
1711981307,30.001950213745,82.201800813527
1711981316,29.593345457263,82.642045859657
1711981325,29.183015644956,83.078451011188
1711981334,28.771000521801,83.511096639868
1711981343,28.357344554968,83.940056574072
1711981352,27.942085901396,84.365409688949
1711981361,27.525263786653,84.787232142339
1711981370,27.106916685447,85.205599308032
1711981379,26.687080460017,85.62058761635
1711981388,26.265795892313,86.032267143621
1711981397,25.843097440973,86.440712739143
1711981406,25.419020759956,86.845996588238
1711981415,24.993600842672,87.248190074783
1711981424,24.566870128871,87.647365560361
1711981433,24.138866158193,88.04358926272
1711981442,23.709620141076,88.436931965923
1711981451,23.279164600258,88.827461874532
1711981460,22.847529550297,89.215248138429
1711981469,22.414750237209,89.600353938156
1711981478,21.980855576812,89.982846893736
1711981487,21.545875883441,90.362792127517
1711981496,21.109840958343,90.740254013477
1711981505,20.672778148688,91.115297858851
1711981514,20.234720182248,91.487983219733
1711981523,19.795693458851,91.858373971691
1711981532,19.355725875499,92.226531605148
1711981541,18.914844888847,92.592516919945
1711981550,18.473075552178,92.956391660432
1711981559,18.030448432324,93.318212031868
1711981568,17.586987773621,93.678038473709
1711981577,17.142719406534,94.035929158079
1711981586,16.697668787551,94.39194163554
1711981595,16.251859017153,94.746134429189
1711981604,15.805318827209,95.098560724336
1711981613,15.358070635396,95.449277883451
1711981622,14.910138525485,95.798341120197
1711981631,14.461544260952,96.14580665211
1711981640,14.012315320857,96.491725510254
1711981649,13.562472878733,96.836152874336
1711981658,13.112039832274,97.179141868524
1711981667,12.661038810282,97.520745134203
1711981676,12.209490163576,97.861016364197
1711981685,11.757420052232,98.200004240315
1711981694,11.304848344314,98.537761575869
1711981703,10.851796697989,98.874339241615
1711981712,10.398286554156,99.209787705979
1711981721,9.9443371160175,99.544158543665
1711981730,9.4899734779666,99.877498477702
1711981739,9.0352144591517,100.20985836381
1711981748,8.5800807282671,100.541287223
1711981757,8.1245907475279,100.87183523073
1711981766,7.6687689281936,101.20154782633
1711981775,7.2126334223232,101.53047459486
1711981784,6.7562042749834,101.85866336893
1711981793,6.2995013976634,102.18616172439
1711981802,5.8425425336991,102.51301845626
1711981811,5.3853514390891,102.83927775313
1711981820,4.9279456343585,103.16498797977
1711981829,4.4703445830275,103.49019584601
1711981838,4.0125676577981,103.81494788528
1711981847,3.5546321013998,104.13929191968
1711981856,3.0965612242061,104.46327127817
1711981865,2.6383721293553,104.78693351174
1711981874,2.1800839089519,105.11032460806
1711981883,1.7217135561433,105.43349190247
1711981892,1.2632841698431,105.75647831625
1711981901,0.80481266824673,106.07933104021
1711981910,0.34631799286997,106.40209577115
1711981919,-0.11218093234649,106.72481817287
1711981928,-0.57066724256785,107.0475453348
1711981937,-1.0291179257819,107.37032001711
1711981946,-1.4875161124574,107.69318932244
1711981955,-1.9458428690387,108.01619894122
1711981964,-2.4040792395753,108.3393946102
1711981973,-2.8622082854123,108.66282357472
1711981982,-3.3202068856634,108.98652882025
1711981991,-3.7780580172305,109.31055776296
1711982000,-4.2357425540072,109.63495648353
1711982009,-4.6932433519111,109.95977264139
1711982018,-5.1505370606414,110.28504968064
1711982027,-5.6076063866685,110.61083555788
1711982036,-6.0644319032608,110.9371769521
1711982045,-6.5209940877105,111.26412073168
1711982054,-6.9772753519467,111.59171543639
1711982063,-7.4332518763304,111.92000543261
1711982072,-7.8889058395433,112.24903971578
1711982081,-8.3442172495928,112.5788660717
1711982090,-8.7991659753797,112.90953255558
1711982099,-9.2537337689684,113.24108899222
1711982108,-9.7078961299884,113.57358105947
1711982117,-10.161634489049,113.90705919699
1711982126,-10.614928068385,114.24157269778
1711982135,-11.06775792864,114.57717270715
1711982144,-11.520098864214,114.91390623298
1711982153,-11.971931539538,115.25182516281
1711982162,-12.423234379886,115.59098028402
1711982171,-12.873985586763,115.9314227976
1711982180,-13.324165138927,116.27320586497
1711982189,-13.773746734847,116.61637850645
1711982198,-14.222709857109,116.96099478401
1711982207,-14.671031709297,117.30710771178
1711982216,-15.118689218935,117.65477079656
1711982225,-15.565661023022,118.00403961845
1711982234,-16.011919467441,118.35496559375
1711982243,-16.457442584401,118.70760535809
1711982252,-16.902206085189,119.06201454362
1711982261,-17.346185348019,119.41824935181
1711982270,-17.789357385294,119.77636817345
1711982279,-18.23169291044,120.13642519124
1711982288,-18.673168212365,120.49847999928
1711982297,-19.113757214494,120.86259122217
1711982306,-19.553435408214,121.22881976751
1711982315,-19.992171981717,121.5972222812
1711982324,-20.429941599809,121.96786098315
1711982333,-20.866716523985,122.34079714102
1711982342,-21.302468566079,122.71609271481
1711982351,-21.737171014962,123.09381206259
1711982360,-22.170790853737,123.47401518673
1711982369,-22.603300404837,123.85676787519
1711982378,-23.034669537175,124.24213496843
1711982387,-23.464867596586,124.63018205161
1711982396,-23.893865305398,125.02097721618
1711982405,-24.321627081015,125.41458406723
1711982414,-24.748122526748,125.81107221151
1711982423,-25.173318738995,126.2105102877
1711982432,-25.597184103045,126.61296951768
1711982441,-26.019680703017,127.01851649987
1711982450,-26.440775674052,127.42722400556
1711982459,-26.860433599723,127.83916379697
1711982468,-27.278618392451,128.25440841877
1711982477,-27.695295135141,128.67303307473
1711982486,-28.110422619349,129.09510812307
1711982495,-28.523964503625,129.5207102984
1711982504,-28.935881837647,129.94991523381
1711982513,-29.346134909976,130.38279931472
1711982522,-29.754685052052,130.81944162715
1711982531,-30.161487321763,131.25991611871
1711982540,-30.566501443163,131.70430329263
1711982549,-30.969684474453,132.15268239739
1711982558,-31.370994409109,132.60513537939
1711982567,-31.770382989458,133.0617387486
1711982576,-32.167806452122,133.52257568478
1711982585,-32.563218324731,133.98772793315
1711982594,-32.956571205512,134.45727778182
1711982603,-33.347818489035,134.93131015106
1711982612,-33.736907361302,135.409904053
1711982614,-33.823073250352,135.51688593688
1711982615,-33.866115152646,135.57046322634
1711982617,-33.952116522461,135.67779107608
1711982618,-33.99507757724,135.73154403057
1711982620,-34.080913160326,135.83921992506
1711982621,-34.123789276075,135.89314525722
1711982623,-34.209457801051,136.00117126866
1711982624,-34.252250067835,136.05527217898
1711982626,-34.337751971568,136.16365256934
1711982627,-34.380459745155,136.21793010047
1711982629,-34.465790297265,136.32666259106
1711982630,-34.508412931467,136.38111778206
1711982632,-34.59357426616,136.4902088315
1711982633,-34.636111108254,136.54484272721
1711982635,-34.721098491857,136.6542900324
1711982636,-34.763548887148,136.70910367383
1711982638,-34.848362717969,136.81891151454
1711982639,-34.890726006323,136.87390594596
1711982641,-34.975366661259,136.9840786302
1711982642,-35.017642177043,137.03925489906
1711982644,-35.102104917529,137.14979008507
1711982645,-35.144291993127,137.20514923466
1711982647,-35.228578875397,137.31605346168
1711982648,-35.270676836454,137.37159654071
1711982650,-35.354783118736,137.48286743984
1711982651,-35.396791288908,137.53859549259
1711982653,-35.480717308461,137.65023738617
1711982654,-35.522635005808,137.70615145973
1711982656,-35.606381077768,137.81816869813
1711982657,-35.648207614699,137.87426984236
1711982659,-35.73176899256,137.98666001372
1711982660,-35.773503679481,138.04294927364
1711982662,-35.856882339064,138.15571899493
1711982663,-35.898524479451,138.21219742059
1711982665,-35.981715671167,138.32534424984
1711982666,-36.023264566492,138.38201288618
1711982668,-36.106268564816,138.49554118409
1711982669,-36.147723510809,138.55240107836
1711982671,-36.230540567379,138.66631523326
1711982672,-36.271900853967,138.72336743498
1711982674,-36.354526214691,138.8376649573
1711982675,-36.395791129799,138.8949105104
1711982677,-36.478226687681,139.00959809124
1711982678,-36.519395512111,139.06703804426
1711982680,-36.601636510154,139.18211316065
1711982681,-36.642708522704,139.23974855621
1711982683,-36.724755170926,139.35521560228
1711982684,-36.765731292394,139.41304981288
1711982686,-36.847582129376,139.5289108818
1711982687,-36.888458330971,139.58694029733
1711982689,-36.970111891298,139.70319746961
1711982690,-37.010889085883,139.76142545786
1711982692,-37.0923455295,139.87808316633
1711982693,-37.133022974749,139.93651077105
1711982695,-37.21427753781,140.05356640311
1711982696,-37.254854489405,140.11219466132
1711982698,-37.335907315872,140.22965263887
1711982699,-37.376384651276,140.288484957
1711982701,-37.457234233062,140.4063473601
1711982702,-37.497607940294,140.46538004077
1711982704,-37.578252765358,140.58364893512
1711982705,-37.618523713837,140.64288537851
1711982707,-37.698963874756,140.76156522149
1711982708,-37.739131298632,140.82100646294
1711982710,-37.819362025428,140.94009454288
1711982711,-37.859425156889,140.9997416101
1711982713,-37.939446525971,141.1192423702
1711982714,-37.979406198015,141.17909870081
1711982716,-38.0592166539,141.29901420041
1711982717,-38.099068872519,141.35907600377
1711982719,-38.17866685585,141.47940828591
1711982720,-38.218412445923,141.5396789917
1711982722,-38.297797980466,141.66043253135
1711982723,-38.33743615229,141.72091316247
1711982725,-38.416604462841,141.84208513863
1711982726,-38.456134424801,141.90277670934
1711982728,-38.535085518839,142.02437157926
1711982729,-38.574508058386,142.08527755518
1711982731,-38.653240332456,142.20729734893
1711982732,-38.692551474845,142.26841383984
1711982734,-38.771063321731,142.39086056911
1711982735,-38.810263846253,142.45219103081
1711982737,-38.888555219609,142.57506918034
1711982738,-38.927644312459,142.63661461881
1711982740,-39.005710432967,142.7599212472
1711982741,-39.044687278501,142.82168265869
1711982743,-39.122528083478,142.94542222901
1711982744,-39.161393422583,143.00740310352
1711982746,-39.239007260195,143.13157760719
1711982747,-39.277757138808,143.1937739481
1711982749,-39.355142353619,143.31838535587
1711982750,-39.393777504465,143.38080064131
1711982752,-39.470933978864,143.50585343893
1711982753,-39.509453563884,143.56848865301
1711982755,-39.586376515794,143.6939797667
1711982756,-39.624779695179,143.75683588265
1711982758,-39.701468990693,143.88276977217
1711982759,-39.73975645782,143.94585030023
1711982761,-39.816210396512,144.07222890799
1711982762,-39.854378219575,144.13552973795
1711982764,-39.930595097632,144.26235498327
1711982765,-39.968643961886,144.32587961125
1711982767,-40.044623589471,144.45315597113
1711982768,-40.082552632553,144.51690535399
1711982770,-40.158290226443,144.64462960938
1711982771,-40.196098584358,144.7086046918
1711982773,-40.271595455634,144.83678387057
1711982774,-40.309282256307,144.90098559688
1711982776,-40.384533621806,145.02961641806
1711982777,-40.422097991589,145.09404571988
1711982779,-40.497103616276,145.22313262137
1711982780,-40.534544675065,145.28779042643
1711982782,-40.609304296126,145.41733786575
1711982783,-40.646621157323,145.48222509776
1711982785,-40.721129992297,145.61222969677
1711982786,-40.75832176782,145.67734726587
1711982788,-40.832581030096,145.80781607399
1711982789,-40.869646823703,145.87316488884
1711982791,-40.943651731731,146.00409446022
1711982792,-40.980590645765,146.06967541534
1711982794,-41.054340891585,146.20107015857
1711982795,-41.091152021922,146.2668841434
1711982797,-41.164647269236,146.39874848469
1711982798,-41.201329705252,146.46479638335
1711982800,-41.274565174594,146.59712677073
1711982801,-41.311118004359,146.66340945231
1711982803,-41.384094810133,146.79621294544
1711982804,-41.420517113503,146.8627312763
1711982806,-41.493230478142,146.99600424935
1711982807,-41.529521333751,147.06275908024
1711982809,-41.601970876094,147.19650589981
1711982810,-41.638130810012,147.26350077194
1711982812,-41.710314666167,147.39772312318
1711982813,-41.746339836329,147.46495348033
1711982815,-41.818256140178,147.59965301558
1711982816,-41.854147065089,147.66712237568
1711982818,-41.925795377143,147.80230345551
1711982819,-41.96155111318,147.87001263553
1711982821,-42.032926662592,148.00567143799
1711982822,-42.06854626514,148.07362123765
1711982824,-42.139648597581,148.20976207372
1711982825,-42.175132542287,148.27795603002
1711982827,-42.24595974746,148.41458047849
1711982828,-42.281304223573,148.48301388473
1711982830,-42.351854389459,148.62012348828
1711982831,-42.387059865371,148.68879985508
1711982833,-42.457332478978,148.82639891032
1711982834,-42.492397988186,148.89531899756
1711982836,-42.562388288528,149.03340346946
1711982837,-42.597312863813,149.10256801811
1711982839,-42.667020323758,149.2411421472
1711982840,-42.701804390055,149.31055468301
1711982842,-42.771227054293,149.44961992595
1711982843,-42.805866834806,149.51927558222
1711982845,-42.875002746891,149.65883335607
1711982846,-42.909498659691,149.72873562882
1711982848,-42.978347233704,149.86879015077
1711982849,-43.012698290206,149.93893973469
1711982851,-43.081254778599,150.07948673874
1711982852,-43.115459989812,150.1498843078
1711982854,-43.183723793394,150.29092794823
1711982855,-43.217783533438,150.36157700929
1711982857,-43.285752653679,150.50311860382
1711982858,-43.319663182599,150.57401412032
1711982860,-43.387335620513,150.71605494342
1711982861,-43.421097306041,150.78720038898
1711982863,-43.488472403757,150.92974456198
1711982864,-43.522084236229,151.00114055745
1711982866,-43.589157263683,151.14418356463
1711982867,-43.622618233392,151.21583070826
1711982869,-43.689388520487,151.35937660082
1711982870,-43.722698950828,151.43127837244
1711982872,-43.789164458053,151.57532831146
1711982873,-43.822320649064,151.64747949442
1711982875,-43.888479337226,151.79203459387
1711982876,-43.921481606486,151.86443863107
1711982878,-43.98733274717,152.00950289895
1711982879,-44.020180065171,152.08216032831
1711982881,-44.08571895035,152.22772897972
1711982882,-44.118410287954,152.30064031462
1711982884,-44.183636178228,152.44671727988
1711982885,-44.216171808413,152.51988596443
1711982887,-44.281082626005,152.66647222935
1711982888,-44.313458892233,152.73989285635
1711982890,-44.37805256056,152.88698935572
1711982891,-44.410269730666,152.96066532848
1711982893,-44.474545452649,153.10827593858
1711982894,-44.506602478764,153.1822077026
1711982896,-44.5705555735,153.33032734922
1711982897,-44.602451408593,153.40451532347
1711982899,-44.666081069471,153.55314779737
1711982900,-44.697815936641,153.62759538106
1711982902,-44.76112005084,153.77674147346
1711982903,-44.792690340691,153.85144305815
1711982905,-44.855666797574,154.00110350514
1711982906,-44.887072728878,154.0760624453
1711982908,-44.94972066509,154.22624097223
1711982909,-44.980961173346,154.30145761108
1711982911,-45.043275940766,154.45214883384
1711982912,-45.074349962853,154.527623486
1711982914,-45.136331934862,154.67883408162
1711982915,-45.167238400201,154.75456704659
1711982917,-45.228882943509,154.90629150112
1711982918,-45.25962078311,154.98228304895
1711982920,-45.320927001511,155.134524925
1711982921,-45.351495141327,155.21077530633
1711982923,-45.412462108115,155.36353815844
1711982924,-45.442859469074,155.44004760409
1711982926,-45.503482575164,155.59332571725
1711982927,-45.53370808014,155.67009442735
1711982929,-45.593987603148,155.82389435166
1711982930,-45.624040167867,155.90092250916
1711982932,-45.683971516211,156.05523839135
1711982933,-45.713850058596,156.13252614771
1711982935,-45.773432276051,156.28736136316
1711982936,-45.803135709371,156.36490884833
1711982938,-45.862367809377,156.52026676039
1711982939,-45.891895042294,156.59807408244
1711982941,-45.950772461673,156.75394862411
1711982942,-45.980122405438,156.83201585833
1711982944,-46.038645328693,156.98841343241
1711982945,-46.067816887778,157.06674063486
1711982947,-46.125980772158,157.22365502765
1711982948,-46.154972853904,157.30224222076
1711982950,-46.212776687145,157.45967659983
1711982951,-46.241589352671,157.53852695652
1711982953,-46.299030934488,157.6964812992
1711982954,-46.327660766877,157.7755884463
1711982956,-46.384737903443,157.93406266067
1711982957,-46.413184962985,158.01342971225
1711982959,-46.469896590966,158.17242685907
1711982960,-46.49815977363,158.25205373385
1711982962,-46.554501406876,158.41156721809
1711982963,-46.582579612233,158.4914537991
1711982965,-46.638550187033,158.65148655971
1711982966,-46.666443431939,158.73163593064
1711982968,-46.722040733991,158.89218765993
1711982969,-46.749745668881,158.97259319954
1711982971,-46.804967491879,159.13366351641
1711982972,-46.83248413409,159.21432824541
1711982974,-46.887329365719,159.37591996952
1711982975,-46.914656605786,159.45684365895
1711982977,-46.969120824914,159.61894979352
1711982978,-46.996257557778,159.70013217673
1711982980,-47.050339654471,159.86275541145
1711982981,-47.077285854803,159.94419947244
1711982983,-47.130983607202,160.10733919407
1711982984,-47.157735998276,160.18903805366
1711982986,-47.211047194183,160.35269357159
1711982987,-47.237605752601,160.43465014683
1711982989,-47.29052923632,160.59882401911
1711982990,-47.316892850572,160.68103792324
1711982992,-47.369424275065,160.84572273166
1711982993,-47.395591838912,160.9281935383
1711982995,-47.447730053881,161.09339170306
1711982996,-47.47369468878,161.17609943106
1711982998,-47.525444285348,161.34183286871
1711982999,-47.551216420101,161.42481608211
1711983001,-47.60256156053,161.59103806247
1711983002,-47.628134320093,161.67427670932
1711983004,-47.679080624992,161.84101236407
1711983005,-47.704452899524,161.92450589011
1711983007,-47.75499610566,162.09174736116
1711983008,-47.780166791516,162.17549517067
1711983010,-47.830305714723,162.34324458922
1711983011,-47.855274709747,162.42724943631
1711983013,-47.905007134993,162.59550551937
1711983014,-47.929771325888,162.67975998211
1711983016,-47.979095051512,162.84852136211
1711983017,-48.003654341317,162.93302812021
1711983019,-48.052568144229,163.1022967731
1711983020,-48.076921428794,163.18705509563
1711983022,-48.125421139906,163.35682270645
1711983023,-48.149567322269,163.44183181941
1711983025,-48.197651730671,163.61210021196
1711983026,-48.221590674659,163.69736273997
1711983028,-48.269257580957,163.86813026937
1711983029,-48.292986264484,163.95363850758
1711983031,-48.340233484696,164.12490344125
1711983032,-48.363751778601,164.21065993663
1711983034,-48.410578066868,164.38242393234
1711983035,-48.433884877022,164.46842776894
1711983037,-48.480286169327,164.64068203982
1711983038,-48.503380409837,164.72693225717
1711983040,-48.549355476249,164.89967830269
1711983041,-48.572236980269,164.98617738706
1711983043,-48.617783645982,165.15941318464
1711983044,-48.64044948934,165.24615314217
1711983046,-48.685565597108,165.41987657884
1711983047,-48.708015621901,165.50685981531
1711983049,-48.752699911171,165.6810722147
1711983050,-48.774933037904,165.76829762174
1711983052,-48.819181561205,165.9429897124
1711983053,-48.841196719719,166.0304561359
1711983055,-48.885009114792,166.20563260506
1711983056,-48.906805232798,166.29333885788
1711983058,-48.950177602114,166.46899023732
1711983059,-48.971753617111,166.55693508616
1711983061,-49.014684718156,166.73306239653
1711983062,-49.036039568828,166.82124457138
1711983064,-49.078528134973,166.99784878832
1711983065,-49.099660761334,167.08626698218
1711983067,-49.141702973608,167.26333833982
1711983068,-49.162612326154,167.35199119901
1711983070,-49.204207775711,167.52953407997
1711983071,-49.224892803678,167.6184202166
1711983073,-49.26603772639,167.79642465515
1711983074,-49.286497389963,167.88554263438
1711983076,-49.32719054505,168.06400929468
1711983077,-49.347423806556,168.15335764397
1711983079,-49.387663930412,168.33228714245
1711983080,-49.407669754479,168.42186435134
1711983082,-49.447453168998,168.60124642102
1711983083,-49.467230531917,168.69105093178
1711983085,-49.506556789876,168.87088963922
1711983086,-49.526104667589,168.96091985899
1711983088,-49.564970150768,169.14120473574
1711983089,-49.584287531365,169.23145902429
1711983091,-49.622691010137,169.41219036918
1711983092,-49.641777651179,169.50267068956
1711983094,-49.679717108141,169.68384510983
1711983095,-49.698570471491,169.77454246156
1711983097,-49.736043914752,169.95615646949
1711983098,-49.754663774149,170.0470727296
1711983100,-49.791669960391,170.22912642547
1711983101,-49.810055323839,170.32025979364
1711983103,-49.846590793528,170.50274220484
1711983104,-49.864740682401,170.59409083329
1711983106,-49.900804226829,170.77700188784
1711983107,-49.918718385789,170.86856757537
1711983109,-49.954308057126,171.05190346439
1711983110,-49.971984077782,171.14367691521
1711983112,-50.007097956171,171.32743373519
1711983113,-50.024535601623,171.41941666204
1711983115,-50.059172470122,171.60359413982
1711983116,-50.076370785912,171.69578453423
1711983118,-50.110527356617,171.88037119585
1711983119,-50.127485402889,171.9727670023
1711983121,-50.161160498014,172.15776240305
1711983122,-50.177878011069,172.25036525432
1711983124,-50.21106976339,172.43576516993
1711983125,-50.227544472043,172.52856547936
1711983127,-50.26025104478,172.71436559216
1711983128,-50.276482706048,172.80736490725
1711983130,-50.308702918752,172.99356457097
1711983131,-50.324690621255,173.08676067654
1711983133,-50.356421370639,173.27334792324
1711983134,-50.372164218832,173.36673855787
1711983136,-50.403404368163,173.5537125722
1711983137,-50.418902094601,173.64729920278
1711983139,-50.44964986836,173.83465535006
1711983140,-50.464900346472,173.92842810609
1711983142,-50.49515400204,174.11616166039
1711983143,-50.510156987374,174.21012192516
1711983145,-50.53991539097,174.39823187163
1711983146,-50.554670020762,174.49237722685
1711983148,-50.583930266604,174.68085111575
1711983149,-50.59843569515,174.77517909818
1711983151,-50.627196697697,174.96401574988
1711983152,-50.641452658441,175.05852766269
1711983154,-50.669712744914,175.24772204162
1711983155,-50.683717263175,175.34240774015
1711983157,-50.711474796106,175.53195472257
1711983158,-50.725227630566,175.62681542903
1711983160,-50.752481532949,175.81671364044
1711983161,-50.765981874938,175.91174673931
1711983163,-50.792729451133,176.1019832654
1711983164,-50.805976510229,176.19718609807
1711983166,-50.832216735902,176.38775940575
1711983167,-50.845210251034,176.48313311596
1711983169,-50.87094156697,176.67403778295
1711983170,-50.883679722408,176.76957196436
1711983172,-50.908900607046,176.96080248435
1711983173,-50.921383169135,177.05649820334
1711983175,-50.946092612141,177.24805285561
1711983176,-50.958318831641,177.34390730776
1711983178,-50.98251435975,177.53577273584
1711983179,-50.994483506812,177.63178307593
1711983181,-51.018164639555,177.82396127667
1711983182,-51.029875990158,177.92012462759
1711983184,-51.053040346523,178.11260207505
1711983185,-51.064493196482,178.20891551995
1711983187,-51.0871398541,178.4016902132
1711983188,-51.098333508894,178.49815080214
1711983190,-51.120461533648,178.69122069238
1711983191,-51.131395308585,178.78782544275
1711983193,-51.15300246125,178.98117675889
1711983194,-51.163675692115,179.07792265008
1711983196,-51.18476152024,179.27155710009
1711983197,-51.195173549531,179.36844108171
1711983199,-51.215735910617,179.56234473754
1711983200,-51.225886101722,179.6593637225
1711983202,-51.245924157253,179.8535342745
1711983203,-51.255811884134,179.95068514516
1711983205,-51.275324785244,-179.85488017225
1711983206,-51.284949432585,-179.75760056366
1711983208,-51.303935185027,-179.56291508074
1711983209,-51.313296158999,-179.46550991665
1711983211,-51.331754346454,-179.27057260422
1711983212,-51.340851060762,-179.17304509427
1711983214,-51.358779789845,-178.97787024781
1711983215,-51.36761168006,-178.88022363484
1711983217,-51.385010204596,-178.68481384636
1711983218,-51.393576717697,-178.58705140081
1711983220,-51.410444282464,-178.39140930282
1711983221,-51.41874487697,-178.29353432221
1711983223,-51.435079742746,-178.097674412
1711983224,-51.443113899582,-177.99969022475
1711983226,-51.458915693655,-177.80361130353
1711983227,-51.466682902028,-177.70552126226
1711983229,-51.481949989768,-177.50923795349
1711983230,-51.489449761627,-177.41104544008
1711983232,-51.504181496932,-177.21456058753
1711983233,-51.511413645544,-177.11626505284
1711983235,-51.525609085264,-176.91958549121
1711983236,-51.532572568679,-176.82119827549
1711983238,-51.546230815945,-176.62433089375
1711983239,-51.552925482917,-176.52585149816
1711983241,-51.566045926163,-176.32879926489
1711983242,-51.572471345226,-176.23023116671
1711983244,-51.585052617122,-176.0330089895
1711983245,-51.591208380314,-175.93435569089
1711983247,-51.60324994165,-175.73696663073
1711983248,-51.609135888802,-175.63822768136
1711983250,-51.620636958513,-175.44067880247
1711983251,-51.626252237391,-175.34186569075
1711983253,-51.637212082094,-175.14416410248
1711983254,-51.642556569337,-175.04527641999
1711983256,-51.652974687756,-174.84742528768
1711983257,-51.658048034513,-174.74846661612
1711983259,-51.667923333919,-174.55048108362
1711983260,-51.672725215483,-174.45145502484
1711983262,-51.682057269354,-174.25333833243
1711983263,-51.686587554798,-174.15424451758
1711983265,-51.695375750154,-173.95600391685
1711983266,-51.699633780655,-173.85685395415
1711983268,-51.70787755334,-173.65849673208
1711983269,-51.711863235853,-173.55929028556
1711983271,-51.719562200058,-173.36081976446
1711983272,-51.723275271046,-173.2615604984
1711983274,-51.730428614574,-173.06299200724
1711983275,-51.733868835147,-172.96368360108
1711983277,-51.740476248833,-172.7650205185
1711983278,-51.74364351945,-172.66566266612
1711983280,-51.749704563164,-172.46691238607
1711983281,-51.75259842132,-172.36751678556
1711983283,-51.758112704617,-172.16868672709
1711983284,-51.760733089466,-172.06925309567
1711983286,-51.765700345986,-171.87034669575
1711983287,-51.768047081362,-171.77087875718
1711983289,-51.77246678392,-171.57191147603
1711983290,-51.77453971866,-171.47241296398
1711983292,-51.778411678886,-171.27338827541
1711983293,-51.780210746415,-171.17385892668
1711983295,-51.783534700471,-170.97478431973
1711983296,-51.785059636665,-170.87523589109
1711983298,-51.787835370962,-170.67611886922